PlasmaRogA_true,PlasmaRogA_pred
535.55829,357.1082763671875
535.71942,535.5474853515625
535.88153,535.3179728190104
536.04266,535.0885213216145
536.2038,534.8594156901041
536.36493,534.6295369466145
536.52606,534.3995768229166
536.68817,534.1688639322916
536.8493,533.938496907552
536.39911,533.7081909179688
535.94891,533.4786580403645
536.11102,533.2491861979166
536.27216,533.0196533203125
536.43329,532.7896931966145
536.59442,532.5597330729166
536.75555,532.3298136393229
536.91766,532.0995279947916
537.0788,531.8692220052083
537.23993,531.6389567057291
537.40106,531.4094645182291
536.95087,531.1803995768229
537.11298,530.9509073893229
537.27411,530.7210083007812
537.43524,530.490743001302
537.59637,530.2604573567708
537.75751,530.0301920572916
537.91962,529.800313313802
538.08075,529.5708821614583
538.24188,529.3414103190104
537.79169,529.1114908854166
537.95282,528.8815511067708
538.11493,528.6516520182291
538.27606,528.4213663736979
538.43719,528.1910807291666
538.59833,527.9608357747395
538.75946,527.7313842773438
538.31024,527.501953125
538.47137,527.2725016276041
538.63251,527.0426839192708
538.79364,526.8128458658854
538.95477,526.5826212565104
539.11688,526.3523763020833
539.27802,526.1221923828125
538.82782,525.8928019205729
538.98895,525.6634318033854
539.15009,525.4340006510416
538.70087,525.2041625976562
538.25067,524.9739176432291
538.4118,524.7436319986979
537.96161,524.5133870442708
538.12372,524.2835286458333
538.28485,524.0541178385416
538.44598,523.8246663411458
538.60712,523.5955810546875
538.15692,523.36572265625
538.31903,523.1354166666666
538.48016,522.9047648111979
538.6413000000001,522.6744791666666
538.1911000000001,522.4450276692708
538.3522300000001,522.215576171875
538.5143400000001,521.986083984375
538.6754800000001,521.7565714518229
538.2252800000001,521.5265909830729
537.7750900000001,521.2965901692708
537.3248900000001,521.0662231445312
537.4870000000001,520.8358357747395
537.6481300000002,520.6079915364583
537.1979400000001,520.374755859375
534.3004800000001,520.1452433268229
536.2965700000001,519.9134114583333
545.6344600000001,519.6876627604166
537.2321200000001,519.4576212565104
524.5475500000001,519.2272745768229
536.9430500000001,518.9966634114583
547.5036000000001,518.7662150065104
532.3727400000001,518.5361328125
526.4166900000001,518.3061116536458
539.4245000000001,518.0772908528645
541.4205900000001,517.8478190104166
533.0182500000001,517.6177368164062
534.4039900000001,517.3873291015625
541.2946200000001,517.1569010416666
542.0680500000001,516.9269205729166
539.1705900000001,516.6969807942708
539.9440300000001,516.4674072265625
543.7770400000002,516.2374471028645
544.5504800000001,516.0077311197916
542.2653200000001,515.778076171875
543.0387600000001,515.547607421875
546.8707900000002,515.3175659179688
547.6452000000002,515.0867919921875
544.7477400000001,514.8567301432291
545.5211800000001,514.6271769205729
550.5758700000001,514.3976033528645
550.1266500000002,514.1701049804688
546.6178600000001,513.9395751953125
549.2262600000001,513.7091267903645
551.2223500000001,513.4768676757812
548.9371900000001,513.2462972005208
550.3229400000001,513.0163370768229
551.7077000000002,512.7861938476562
550.0338700000001,512.5563151041666
550.8073100000001,512.325948079427
552.8034100000001,512.0955098470051
551.1305500000001,511.8644816080729
550.0680500000001,511.6335245768229
550.8414900000001,511.4026794433594
552.2262600000001,511.1722412109375
551.1637600000001,510.94264729817706
550.1022300000001,510.71345011393225
551.4870000000001,510.4842224121093
551.6481300000002,510.25459798177076
549.9743000000001,510.024180094401
550.1354400000001,509.7937825520833
550.9098500000001,509.56343587239576
549.2360200000002,509.3334859212239
548.1735200000002,509.10355631510413
548.9469600000001,508.8739318847656
548.4967700000001,508.64423624674475
547.4352400000001,508.41405232747394
546.9850500000001,508.18346150716144
547.1461800000001,507.9529317220052
546.0836800000001,507.7228291829427
545.0211800000001,507.49274698893225
545.1832900000002,507.26264444986975
544.7330900000001,507.0329488118489
543.6705900000001,506.8032531738281
543.8317300000001,506.5731404622395
543.3815300000001,506.3426717122395
542.3200100000001,506.11224365234375
541.8698100000001,505.88182576497394
541.4196200000001,505.65176391601557
540.3571200000001,505.42210896809894
539.9079000000002,505.19282023111975
539.4577000000002,504.96307373046875
539.0075100000001,504.73284912109375
537.9450100000001,504.50223795572913
537.4948100000001,504.27162679036456
537.0455900000001,504.041015625
535.9830900000001,503.81117757161456
534.9205900000001,503.5817159016927
534.4704000000002,503.3517761230468
534.0202000000002,503.1209615071614
532.9586800000001,502.8897501627604
532.5084800000001,502.65897623697913
531.4459800000001,502.4282735188802
530.3834800000001,502.1976013183593
529.9332900000002,501.9677530924479
528.8717700000001,501.7382507324219
528.4215700000001,501.50861612955725
527.3590700000001,501.27819824218744
526.9088700000001,501.04747517903644
525.8463700000001,500.8164876302083
525.3971600000001,500.5859171549479
524.9469600000001,500.35578409830725
524.4967700000001,500.1264444986979
523.4342700000001,499.89664713541663
522.3717700000001,499.6667175292968
521.3102400000001,499.43639119466144
520.2477400000001,499.20572916666663
519.7975500000001,498.97477213541663
519.3473500000001,498.74428304036456
518.2848500000001,498.51422119140625
517.8356300000002,498.28450520833326
517.3854400000001,498.05470784505206
516.3229400000001,497.824473063151
515.8727400000001,497.59459431966144
514.8102400000001,497.364023844401
513.7487200000002,497.1334431966145
513.2985200000002,496.90257771809894
512.2360200000002,496.6724650065104
511.17352000000005,496.44315592447913
510.1120000000001,496.21380615234375
509.0495000000001,495.98399861653644
508.5993000000001,495.7538045247395
507.5368000000001,495.52319335937494
507.08661000000006,495.2926127115885
506.63739000000004,495.0620625813802
505.57489000000004,494.8319193522135
504.51239000000004,494.6021321614583
503.44989000000004,494.3722229003906
502.38739000000004,494.14183553059894
501.32587000000007,493.9110209147135
500.87567000000007,493.68022664388013
500.42548000000005,493.44986979166663
499.36298000000005,493.21915690104163
498.30048000000005,492.98883056640625
497.2388900000001,492.7589213053385
496.1763900000001,492.52931722005206
495.72620000000006,492.2992960611979
494.66370000000006,492.0684712727864
493.60120000000006,491.8376973470052
492.53967000000006,491.60695393880206
491.47717000000006,491.3765665690104
490.41467000000006,491.1465861002604
489.35217000000006,490.91656494140625
488.28967000000006,490.6864522298177
487.84045000000003,490.4558614095052
486.77795000000003,490.22521972656244
485.71545000000003,489.9942525227864
484.65295000000003,489.7633056640625
483.59045000000003,489.53243001302076
483.14124000000004,489.30191040039057
482.07874000000004,489.07136027018225
481.62854000000004,488.84112548828125
480.56604000000004,488.6109008789062
479.50354000000004,488.38031005859375
478.44202000000007,488.14898681640625
477.37952000000007,487.91814168294263
476.9293200000001,487.68778483072913
475.8668200000001,487.45784505208326
474.80530000000005,487.22790527343744
474.35510000000005,486.99794514973956
473.29260000000005,486.7679341634114
472.84241000000003,486.537109375
472.39221000000003,486.30627441406244
471.33069000000006,486.07555135091144
470.88049000000007,485.84520467122394
470.43030000000005,485.615244547526
469.36780000000005,485.3852233886718
468.91760000000005,485.1551310221354
468.4683800000001,484.9245910644531
467.4058800000001,484.69364420572913
466.3433800000001,484.46275838216144
465.2808800000001,484.23195393880206
464.2183800000001,484.0015563964844
463.15686000000005,483.7715861002604
462.09436000000005,483.5415649414062
461.03186000000005,483.3114827473958
460.58167000000003,483.0806172688802
459.51917000000003,482.85212198893225
459.06995000000006,482.6151021321614
458.61975000000007,482.3830871582031
456.94592000000006,482.15030924479163
460.77795000000003,481.92763264973956
461.5513900000001,481.69977823893225
454.98499000000004,481.46990966796875
455.75842000000006,481.2393493652343
461.42542000000003,481.008555094401
456.08167000000003,480.77789306640625
450.73792000000003,480.54645792643225
455.18225000000007,480.3158467610677
455.95569000000006,480.0859171549479
449.38831000000005,479.8553568522135
447.71448000000004,479.6250305175781
450.32288000000005,479.394307454427
447.4263900000001,479.1636250813802
442.69397000000004,478.932627360026
443.46741000000003,478.70124308268225
443.01721000000003,478.470723470052
438.89709000000005,478.240234375
437.22327000000007,478.0104268391927
437.3844000000001,477.7798868815104
434.48694000000006,477.54963175455725
431.58948000000004,477.3186950683593
431.14026000000007,477.0881042480469
429.46643000000006,476.85687255859375
426.56897000000004,476.62642415364576
426.11877000000004,476.39605712890625
425.6685800000001,476.1659952799479
423.3844000000001,475.9358825683594
422.3219000000001,475.70574951171875
421.87170000000003,475.4752298990885
420.19788000000005,475.2443644205729
418.52405000000005,475.01312255859375
418.0748300000001,474.78229777018225
417.0123300000001,474.5518900553385
415.33850000000007,474.3222351074218
414.88831000000005,474.0925801595052
414.43811000000005,473.8624369303385
412.76526000000007,473.6315205891927
411.70276000000007,473.4006144205729
411.2525600000001,473.1694132486979
410.1900600000001,472.9385782877604
409.1275600000001,472.70820109049475
408.67834000000005,472.4785664876302
408.2281500000001,472.2488708496094
407.1656500000001,472.0183003743489
406.71545000000003,471.7873229980469
406.26526000000007,471.55645751953125
405.81604000000004,471.3260294596354
404.75354000000004,471.09527587890625
404.30334000000005,470.86490885416663
403.8531500000001,470.63494873046875
403.40295000000003,470.405283610026
402.95374000000004,470.1747843424479
402.50354000000004,469.94386800130206
402.05334000000005,469.71305338541663
401.6031500000001,469.48224894205725
401.15393000000006,469.25103759765625
400.70374000000004,469.02101643880206
400.25354000000004,468.7917989095052
399.80334000000005,468.56136067708326
398.12952000000007,468.3311564127604
398.90393000000006,468.09955851236975
401.5123300000001,467.8697509765625
397.39124000000004,467.6377970377604
393.2701400000001,467.4075724283854
399.54846000000003,467.17768351236975
401.54553000000004,466.9479573567708
394.9781500000001,466.71779378255206
394.52795000000003,466.48681640625
399.5826400000001,466.25621541341144
399.13245000000006,466.02533976236975
395.0123300000001,465.7943420410156
395.78577000000007,465.5638631184895
399.00549000000007,465.33337402343744
397.33167000000003,465.10321044921875
394.43420000000003,464.8726399739583
396.43127000000004,464.64198811848956
397.81604000000004,464.41139729817706
395.5308800000001,464.18040974934894
394.4683800000001,463.94945271809894
396.46448000000004,463.7189636230469
396.01526000000007,463.4888712565104
394.34143000000006,463.2587687174479
394.5025600000001,463.02823893229163
395.8873300000001,462.79771931966144
394.8248300000001,462.5672302246094
393.15198000000004,462.3367207845052
394.53674000000007,462.1058349609375
394.69788000000005,461.87493896484375
393.02405000000005,461.64444986979163
393.18518000000006,461.414326985677
394.57092000000006,461.1841837565104
394.12073000000004,460.95404052734375
393.05823000000004,460.723887125651
393.83167000000003,460.4933166503906
393.99377000000004,460.26190185546875
392.93127000000004,460.0304565429687
392.4810800000001,459.799814860026
393.25452000000007,459.5695495605468
392.8043200000001,459.3392435709635
392.35510000000005,459.1085001627604
392.51624000000004,458.877695719401
392.67737000000005,458.64648437499994
392.22717000000006,458.4152730305989
392.38831000000005,458.1841735839844
392.55042000000003,457.9539184570312
392.71155000000005,457.72370402018225
392.87268000000006,457.4938354492187
393.0338100000001,457.26360066731763
393.19495000000006,457.0333353678385
393.35706000000005,456.80230712890625
393.51819000000006,456.5712483723958
393.6793200000001,456.3398335774739
393.84045000000003,456.10916137695307
394.0015900000001,455.87848917643225
393.55237000000005,455.6481018066406
393.10217000000006,455.41727701822913
393.26331000000005,455.1863810221354
393.42444000000006,454.95551554361975
392.97424000000007,454.72431437174475
393.13635000000005,454.49315388997394
393.29749000000004,454.2620849609375
393.45862000000005,454.03179931640625
393.00842000000006,453.80155436197913
393.16956000000005,453.5712483723958
392.7203400000001,453.340586344401
392.88147000000004,453.1099243164062
393.04260000000005,452.87890624999994
393.20374000000004,452.64789835611975
393.36487000000005,452.41693115234375
393.52698000000004,452.18676757812494
393.68811000000005,451.95661417643225
393.84924000000007,451.7264099121094
394.01038000000005,451.4958292643229
393.56116000000003,451.26524861653644
393.72229000000004,451.0343119303385
393.88342000000006,450.8033548990885
394.04456000000005,450.5724385579427
394.20569000000006,450.34190877278644
394.36780000000005,450.11176554361975
394.52893000000006,449.881612141927
394.6900600000001,449.65143839518225
394.85120000000006,449.420908610026
395.0123300000001,449.1903381347656
395.17444000000006,448.95939127604163
395.3355700000001,448.7288106282552
395.49670000000003,448.49828084309894
395.6578400000001,448.2681172688802
395.2076400000001,448.0379435221354
395.36975000000007,447.80733235677076
395.5308800000001,447.57668050130206
395.08069000000006,447.3456624348958
395.2418200000001,447.115010579427
395.40295000000003,446.8844095865885
395.5650600000001,446.6537679036458
395.72620000000006,446.423116048177
395.27600000000007,446.1924438476562
395.4371300000001,445.9621175130208
395.59827000000007,445.7314351399739
395.14905000000005,445.500732421875
395.31018000000006,445.2697143554687
394.85999000000004,445.0390625
395.02112000000005,444.8088175455729
394.57092000000006,444.5758972167969
394.73303000000004,444.344482421875
394.89417000000003,444.115234375
388.93811000000005,443.8866780598958
388.48792000000003,443.6568705240885
397.8248300000001,443.42475382486975
393.0933800000001,443.1933492024739
382.85510000000005,442.9620361328125
391.58069000000006,442.7318623860677
399.69397000000004,442.502217610677
390.68030000000005,442.2733357747395
387.7828400000001,442.04229736328125
397.11975000000007,441.8122863769531
398.50452000000007,441.58051554361975
393.16077000000007,441.3494873046875
396.99377000000004,441.11867268880206
402.66077000000007,440.8881632486979
398.53967000000006,440.65804036458326
397.47717000000006,440.4278564453125
404.36780000000005,440.19755045572913
404.52991000000003,439.9668782552083
400.4088100000001,439.73539225260413
403.62854000000004,439.5043741861979
408.68323000000004,439.27342732747394
406.3980700000001,439.04283650716144
405.33655000000005,438.8130798339844
408.55627000000004,438.582529703776
406.88245000000006,438.3533732096354
406.43225000000007,438.1212259928385
421.27502000000004,437.8912150065104
426.33069000000006,437.6600952148437
404.4703400000001,437.4298197428385
393.0094000000001,437.1985778808594
412.74573000000004,436.9679565429687
422.69495000000006,436.73858642578125
405.72913000000005,436.5087483723958
401.60803000000004,436.2775573730469
418.89709000000005,436.04645792643225
420.28186000000005,435.8149922688802
407.59729000000004,435.5843200683594
410.20667000000003,435.3536987304687
418.93225000000007,435.12385050455725
414.1998300000001,434.89320882161456
410.69104000000004,434.6627502441406
416.96936000000005,434.4319152832031
415.29651000000007,434.20145670572913
405.05823000000004,433.9699503580729
408.27795000000003,433.7384134928385
420.0621300000001,433.507344563802
418.38928000000004,433.27699788411456
410.59827000000007,433.04659016927076
413.81799000000007,432.8161417643229
418.26135000000005,432.5852966308593
412.30530000000005,432.3544514973958
408.18518000000006,432.12284342447913
413.23987000000005,431.89167277018225
414.01331000000005,431.6610209147135
409.2808800000001,431.4307556152344
410.0543200000001,431.200459798177
413.8873300000001,430.9701029459635
411.60217000000006,430.7397155761719
408.0933800000001,430.50816853841144
410.08948000000004,430.27882893880206
410.86292000000003,430.0482177734375
406.74280000000005,429.81776936848956
406.29260000000005,429.5852559407552
407.67737000000005,429.35403442382807
404.77991000000003,429.1248575846354
401.88245000000006,428.89404296875
403.87952000000007,428.66308593749994
404.0406500000001,428.4312032063802
401.14319000000006,428.199727376302
401.91663000000005,427.9683430989583
404.52502000000004,427.73692830403644
402.24084000000005,427.5069783528645
399.3433800000001,427.2770589192708
400.7281500000001,427.04652913411456
401.5015900000001,426.81526692708326
398.60413000000005,426.58363850911456
397.54260000000005,426.3525085449219
399.53870000000006,426.12139892578125
399.08850000000007,425.89069620768225
397.41467000000006,425.6608581542968
398.18811000000005,425.4309387207031
398.96252000000004,425.2005411783854
396.67737000000005,424.96935017903644
395.00354000000004,424.73783365885413
395.77698000000004,424.5067647298177
395.32776000000007,424.276123046875
393.65393000000006,424.0455017089844
393.8150600000001,423.81525675455725
395.1998300000001,423.5849405924479
394.7496300000001,423.35454305013013
393.68811000000005,423.1252136230469
395.07288000000005,422.89371744791663
395.23401000000007,422.66288248697913
394.7838100000001,422.43040974934894
392.49866000000003,422.1996154785156
390.21448000000004,421.9693908691406
393.43420000000003,421.73897298177076
392.98401000000007,421.508544921875
387.02795000000003,421.2773234049479
388.41272000000004,421.04632568359375
392.85706000000005,420.81550089518225
389.95959000000005,420.5843098958333
386.45081000000005,420.35411580403644
388.4469000000001,420.12357584635413
389.2203400000001,419.8933003743489
386.32385000000005,419.66225179036456
384.65002000000004,419.4314982096354
386.64612000000005,419.200439453125
386.19592000000006,418.96930948893225
383.29846000000003,418.7381795247395
383.4605700000001,418.5074259440104
384.23401000000007,418.27701822916663
381.94885000000005,418.0466105143229
380.27502000000004,417.816172281901
380.43616000000003,417.5857849121094
379.98694000000006,417.354990641276
378.31311000000005,417.1241963704427
377.86292000000003,416.8926595052083
378.02405000000005,416.66188557942706
376.96155000000005,416.4311828613281
375.90002000000004,416.2007649739583
376.06116000000003,415.9699503580729
375.61096000000003,415.7390645345052
373.9371300000001,415.5081888834635
372.8746300000001,415.2773132324219
372.42542000000003,415.04646809895826
371.36292000000003,414.81567382812494
370.91272000000004,414.58487955729163
370.46252000000004,414.35406494140625
370.01331000000005,414.12324015299475
368.95081000000005,413.8924255371094
368.50061000000005,413.66162109375
368.05042000000003,413.43080647786456
366.98792000000003,413.1999816894531
365.9263900000001,412.968760172526
365.47620000000006,412.7379150390625
365.02600000000007,412.50712076822913
363.96350000000007,412.27668253580725
363.51331000000005,412.0458984375
363.0640900000001,411.8150736490885
362.6138900000001,411.58390299479163
362.16370000000006,411.35309855143225
361.10120000000006,411.12235514322913
360.65100000000007,410.89200846354163
360.20178000000004,410.66129557291663
359.13928000000004,410.4305318196614
358.07678000000004,410.20015462239576
357.01428000000004,409.9693908691406
356.5640900000001,409.73859659830725
356.11487000000005,409.507080078125
355.66467000000006,409.2759094238281
355.21448000000004,409.045186360677
354.76428000000004,408.81480916341144
353.70178000000004,408.5844421386718
352.64026000000007,408.35365804036456
352.1900600000001,408.1232198079427
351.73987000000005,407.89317830403644
351.28967000000006,407.65782674153644
351.45081000000005,407.4201253255208
354.67151000000007,407.1845499674479
348.71545000000003,406.95528157552076
340.92444000000006,406.72621663411456
350.87366000000003,406.49516805013013
358.37561000000005,406.26225789388013
343.24475000000007,406.0306701660156
337.28870000000006,405.77345784505206
351.51917000000003,405.5167032877604
351.68030000000005,405.2608439127604
338.3844000000001,405.0299682617187
339.1578400000001,404.7991943359375
346.65979000000004,404.5683390299479
340.09241000000003,404.3375040690104
331.07776000000007,404.1065470377604
335.52209000000005,403.87523396809894
337.51819000000006,403.6436462402344
327.89221000000003,403.4124450683594
326.2183800000001,403.1816202799479
331.88538000000005,402.9515177408854
327.76526000000007,402.7213745117187
320.5855700000001,402.49037679036456
323.19397000000004,402.25895182291663
325.1900600000001,402.0272013346354
319.23401000000007,401.7958780924479
316.33752000000004,401.5650329589844
319.55725000000007,401.33417765299475
318.49475000000007,401.10366821289057
313.15100000000007,400.87272135416663
312.70081000000005,400.64245605468744
314.69788000000005,400.41149902343744
311.80042000000003,400.1805216471354
308.29163000000005,399.94889322916663
309.0650600000001,399.7176310221354
309.22620000000006,399.48640950520826
306.32971000000003,399.2559611002604
305.26721000000003,399.02553304036456
306.65198000000004,398.795430501302
305.58948000000004,398.5645141601562
303.3043200000001,398.3335469563802
303.46643000000006,398.1018981933593
303.6275600000001,397.870615641276
301.95374000000004,397.63935343424475
300.89124000000004,397.40876261393225
301.05237000000005,397.17850748697913
300.6031500000001,396.94779459635413
298.9293200000001,396.71662394205725
298.47913000000005,396.485117594401
298.64026000000007,396.2536214192708
298.19104000000004,396.02220662434894
297.12854000000004,395.7908020019531
297.28967000000006,395.55980428059894
296.83948000000004,395.3291931152344
296.38928000000004,395.09858194986975
295.9400600000001,394.868418375651
295.48987000000005,394.6375834147135
295.03967000000006,394.4063517252604
294.58948000000004,394.1747741699219
294.13928000000004,393.9435729980469
293.6900600000001,393.7131958007812
293.23987000000005,393.4828186035156
292.78967000000006,393.25239054361975
292.95081000000005,393.0215657552083
292.50061000000005,392.79069010416663
292.0513900000001,392.5598449707031
291.60120000000006,392.3290303548177
291.7623300000001,392.0978698730469
291.92346000000003,391.86671956380206
291.47327000000007,391.6355794270833
291.63538000000005,391.40520222981763
291.18518000000006,391.1748352050781
290.73499000000004,390.9444376627604
290.28479000000004,390.7136739095052
290.44592000000006,390.48291015625
289.99670000000003,390.2517598470052
289.54651000000007,390.0206095377604
289.0963100000001,389.78949991861975
288.64612000000005,389.55878702799475
288.19592000000006,389.32806396484375
287.74670000000003,389.09767659505206
287.29651000000007,388.8673095703125
287.4576400000001,388.6369222005208
287.61877000000004,388.4061584472656
287.77991000000003,388.1749776204427
287.94202000000007,387.94379679361975
288.1031500000001,387.7126261393229
287.65295000000003,387.48223876953125
287.8140900000001,387.25187174479163
287.36487000000005,387.02142333984375
287.52600000000007,386.7901611328125
287.6871300000001,386.55883789062494
287.23694000000006,386.32755533854163
287.3980700000001,386.0966796875
287.56018000000006,385.866231282552
287.7213100000001,385.6353963216145
287.88245000000006,385.4045003255208
287.43225000000007,385.1740112304687
287.5933800000001,384.94352213541663
287.75549000000007,384.71301269531244
287.91663000000005,384.4813435872395
287.46643000000006,384.250010172526
287.6275600000001,384.01874796549475
287.78870000000006,383.78819783528644
287.95081000000005,383.5576985677083
287.50061000000005,383.32716878255206
287.66174000000007,383.09584554036456
287.82288000000005,382.86525472005206
287.98401000000007,382.63433837890625
288.14612000000005,382.40338134765625
287.69592000000006,382.17169189453125
287.85706000000005,381.9403381347656
288.01819000000006,381.70978800455725
288.1793200000001,381.47919718424475
288.34143000000006,381.24857584635413
288.5025600000001,381.01761881510413
288.66370000000006,380.78662109375
288.8248300000001,380.5552571614583
288.98596000000003,380.32387288411456
289.1480700000001,380.0925801595052
289.30920000000003,379.86168416341144
289.4703400000001,379.6311950683594
289.63147000000004,379.40069580078125
289.79260000000005,379.1698099772135
289.95471000000003,378.9389343261719
290.11584000000005,378.7080993652344
290.27698000000004,378.4772644042969
290.43811000000005,378.2460530598958
290.60022000000004,378.01483154296875
290.76135000000005,377.78441365559894
290.31116000000003,377.55399576822913
290.47229000000004,377.32352701822913
290.63342000000006,377.09269205729163
290.79553000000004,376.86183675130206
290.95667000000003,376.6309814453125
290.50647000000004,376.4001057942708
290.66760000000005,376.16886393229163
291.44104000000004,375.9372151692708
290.37952000000007,375.7059631347656
291.15295000000003,375.47550455729163
292.53772000000004,375.24505615234375
290.2525600000001,375.0145772298177
291.02600000000007,374.78336588541663
294.24670000000003,374.55251057942706
292.57288000000005,374.32132975260413
290.89905000000005,374.0909016927083
292.8951400000001,373.8605753580729
293.05627000000004,373.6305948893229
291.99475000000007,373.39943440755206
292.1558800000001,373.1685587565104
292.31702000000007,372.9369710286458
293.09045000000003,372.706064860026
293.2515900000001,372.47447713216144
292.80237000000005,372.2435811360677
292.96350000000007,372.01357014973956
293.1246300000001,371.7835286458333
293.28577000000007,371.5530598958333
292.8355700000001,371.32183837890625
292.99768000000006,371.09059651692706
293.77112000000005,370.859385172526
293.32092000000006,370.6281331380208
292.87073000000004,370.39687093098956
293.64417000000003,370.1663920084635
293.19495000000006,369.93548583984375
292.74475000000007,369.70527140299475
292.9058800000001,369.47431437174475
293.06702000000007,369.2432861328125
292.61780000000005,369.0119323730469
292.77893000000006,368.7805480957031
293.55237000000005,368.5495910644531
293.10217000000006,368.3190511067708
292.65198000000004,368.08849080403644
292.8140900000001,367.85791015625
292.97522000000004,367.6269124348958
292.52502000000004,367.3959045410156
292.68616000000003,367.1645304361979
292.84729000000004,366.9327697753906
292.3980700000001,366.70182291666663
292.55920000000003,366.4712931315104
292.7203400000001,366.2410481770833
292.2701400000001,366.00999959309894
291.81995000000006,365.7789103190104
291.98206000000005,365.5482686360677
292.14319000000006,365.31683349609375
291.69299000000007,365.0853373209635
291.85413000000005,364.85355631510413
292.01526000000007,364.6224873860677
291.56604000000004,364.3918253580729
291.11584000000005,364.1614786783854
291.27698000000004,363.93080647786456
291.43811000000005,363.69974772135413
290.98792000000003,363.4679260253906
291.15002000000004,363.23647054036456
291.31116000000003,363.0051066080729
291.47229000000004,362.7741495768229
291.63342000000006,362.54365030924475
291.79456000000005,362.313486735026
291.3453400000001,362.0828857421875
291.50647000000004,361.8522237141927
291.05627000000004,361.620859781901
290.6060800000001,361.3894958496094
290.76721000000003,361.1577962239583
290.9293200000001,360.92646280924475
291.09045000000003,360.69594319661456
290.64026000000007,360.46576944986975
290.1900600000001,360.23681640625
290.35217000000006,360.0061950683594
288.67834000000005,359.7682189941406
286.39319000000006,359.5305989583333
293.2838100000001,359.294189453125
297.11584000000005,359.065928141276
282.59729000000004,358.83539835611975
279.6998300000001,358.60545857747394
296.9888900000001,358.37372843424475
295.9263900000001,358.14259847005206
279.57092000000006,357.89186604817706
284.01526000000007,357.64149983723956
297.0230700000001,357.3915812174479
292.90198000000004,357.1605021158854
283.8873300000001,356.9300537109375
290.77795000000003,356.69970703125
299.50452000000007,356.4695638020833
294.77209000000005,356.2386576334635
290.03967000000006,356.0068868001302
297.54163000000005,355.7755432128906
302.5963100000001,355.54423014322913
295.41760000000005,355.313242594401
294.96741000000003,355.0823059082031
303.69299000000007,354.8516947428385
303.24280000000005,354.62103271484375
297.89905000000005,354.389892578125
302.3433800000001,354.15916951497394
307.3980700000001,353.92817179361975
303.27698000000004,353.69676717122394
301.6031500000001,353.46498616536456
307.2701400000001,353.23358154296875
307.43225000000007,353.00297037760413
303.31116000000003,352.772705078125
305.91956000000005,352.54237874348956
308.52795000000003,352.3112589518229
305.63049000000007,352.0797220865885
305.18127000000004,351.8482360839844
307.78967000000006,351.6171569824219
306.72717000000006,351.38612874348956
305.05334000000005,351.15506998697913
306.4390900000001,350.92397054036456
307.21252000000004,350.6927591959635
306.15002000000004,350.4614766438802
306.31116000000003,350.2302042643229
307.08459000000005,349.9989929199219
306.63538000000005,349.76744588216144
305.57288000000005,349.535888671875
306.3463100000001,349.30436197916663
305.89612000000005,349.07359822591144
304.83362000000005,348.8432312011719
304.99573000000004,348.61244710286456
304.54553000000004,348.38087972005206
304.0953400000001,348.1489766438802
304.25647000000004,347.91790771484375
305.02991000000003,347.6868998209635
304.58069000000006,347.45624796549475
304.7418200000001,347.2252502441406
304.90295000000003,346.99494425455725
304.45276000000007,346.76385498046875
304.0025600000001,346.5326741536458
303.55334000000005,346.30120849609375
303.1031500000001,346.06976318359375
302.65295000000003,345.83831787109375
302.20276000000007,345.6072591145833
301.7525600000001,345.376963297526
301.30334000000005,345.14664713541663
300.8531500000001,344.91510009765625
300.40295000000003,344.68354288736975
299.34045000000003,344.45170084635413
298.89026000000007,344.22098795572913
298.44104000000004,343.9896036783854
297.37854000000004,343.75853474934894
296.31604000000004,343.5275573730469
295.86584000000005,343.296875
295.4156500000001,343.0665588378906
294.96643000000006,342.83552042643225
294.51624000000004,342.6044718424479
294.06604000000004,342.37275187174475
293.00354000000004,342.1417338053385
291.94202000000007,341.9108174641927
291.4918200000001,341.68021647135413
291.04163000000005,341.4496154785156
290.59143000000006,341.2185567220052
290.14124000000004,340.9874369303385
289.07971000000003,340.7555745442708
288.01721000000003,340.5240783691406
287.56702000000007,340.2930908203125
286.50452000000007,340.06208292643225
285.44202000000007,339.8314514160156
284.99280000000005,339.6004231770833
284.54260000000005,339.3697204589844
284.09241000000003,339.138671875
283.02991000000003,338.9076029459635
282.57971000000003,338.67620849609375
282.13049000000007,338.4451904296875
281.06799000000007,338.2137959798177
280.61780000000005,337.9831339518229
279.55530000000005,337.75250244140625
278.49280000000005,337.52178955078125
278.0435800000001,337.29066975911456
277.5933800000001,337.05912272135413
276.5308800000001,336.8279622395833
276.08069000000006,336.596445719401
275.63049000000007,336.3652852376302
274.56897000000004,336.13419596354163
273.50647000000004,335.90379842122394
273.05627000000004,335.6729838053385
271.99377000000004,335.44205729166663
270.93127000000004,335.21038818359375
269.86975000000007,334.97833251953125
269.41956000000005,334.7467041015625
268.35706000000005,334.51552327473956
267.29456000000005,334.284678141276
266.84436000000005,334.05341593424475
266.3951400000001,333.82091267903644
265.94495000000006,333.58880615234375
265.49475000000007,333.35831705729163
263.20959000000005,333.1290283203125
267.04260000000005,332.8978271484375
268.42737000000005,332.66583251953125
261.24768000000006,332.4335530598958
261.4088100000001,332.2035013834635
267.6871300000001,331.9727478027344
262.95569000000006,331.7422790527344
256.38831000000005,331.51080322265625
260.83167000000003,331.27872721354163
261.60510000000005,331.0465901692708
255.64905000000005,330.8144327799479
253.36487000000005,330.5823771158854
254.13831000000005,330.3496602376302
253.07581000000005,330.1200256347656
248.9547100000001,329.8901672363281
244.8336200000001,329.6608683268229
246.2193600000001,329.429443359375
246.9928000000001,329.19791666666663
241.03674000000012,328.9665120442708
237.52795000000015,328.73505655924475
240.1363500000001,328.5040079752604
238.46350000000012,328.2738342285156
233.73108000000008,328.0431009928385
232.66858000000008,327.81227620442706
232.8297100000001,327.58063761393225
231.15588000000008,327.34869384765625
228.25940000000008,327.11717732747394
227.8092000000001,326.8857014973958
228.58264000000008,326.65458170572913
225.68518000000006,326.4234924316406
223.4000200000001,326.1930745442708
224.17444000000012,325.9622904459635
223.11194000000012,325.731455485026
220.2144800000001,325.4999694824219
219.1519800000001,325.26847330729163
219.31311000000005,325.0373840332031
217.64026000000007,324.8058878580729
215.35510000000005,324.57474772135413
215.51624000000004,324.3436584472656
215.06604,324.11286417643225
213.39319,323.8820495605469
212.33069,323.6507873535156
212.49181999999996,323.4191487630208
211.42931999999996,323.18752034505206
210.36681999999996,322.9559020996094
210.52893,322.72468058268225
210.07873999999998,322.49388631184894
209.01623999999998,322.2626953125
207.95373999999998,322.0318400065104
207.50353999999993,321.80059814453125
207.0543199999999,321.5693054199219
205.9918199999999,321.33768717447913
206.15294999999992,321.1060791015625
205.7027599999999,320.87489827473956
204.6402599999999,320.64411417643225
204.19103999999987,320.4132995605469
203.74083999999988,320.1824951171875
203.29064999999986,319.95131429036456
202.84044999999986,319.7201436360677
202.39025999999984,319.4885762532552
201.94103999999982,319.25694783528644
201.49083999999982,319.02492268880206
201.0406499999998,318.7940368652344
200.5904499999998,318.56322224934894
200.14025999999978,318.33270263671875
199.69103999999976,318.10143025716144
199.24083999999976,317.8697102864583
198.79064999999974,317.6380208333333
198.34044999999975,317.40631103515625
197.89025999999973,317.1749776204427
197.4410399999997,316.9437255859375
196.9908399999997,316.7128702799479
196.5406499999997,316.4820556640625
196.0904499999997,316.2515665690104
195.64025999999967,316.0203450520833
195.19103999999965,315.7886962890625
194.74083999999965,315.55671183268225
194.29064999999963,315.32511393229163
194.45177999999964,315.09393310546875
194.61388999999963,314.8631388346354
194.1636999999996,314.63231404622394
193.7134999999996,314.4014587402344
193.2633099999996,314.170166015625
192.8131099999996,313.93849690755206
192.36388999999957,313.7068684895833
192.52501999999959,313.4753112792969
192.68615999999957,313.2445373535156
192.23595999999958,313.01341756184894
192.39708999999954,312.78261311848956
191.94787999999954,312.55145263671875
191.49767999999955,312.3206075032552
191.6588099999995,312.08942667643225
191.8199499999995,311.8578389485677
191.3697499999995,311.62589518229163
191.53185999999948,311.39435831705725
191.08166999999946,311.16322835286456
191.24279999999942,310.93248494466144
190.79259999999942,310.70135498046875
190.3424099999994,310.47020467122394
189.89318999999938,310.2394714355469
189.44298999999938,310.0087585449219
189.60412999999937,309.77765909830725
189.15392999999938,309.5457763671875
188.70373999999936,309.3142903645833
188.86583999999937,309.083251953125
189.02697999999936,308.8529866536458
189.1881099999993,308.62235514322913
188.7379199999993,308.39166259765625
188.89904999999925,308.16021728515625
189.0611599999993,307.9286905924479
188.6109599999993,307.69721476236975
188.16076999999927,307.4661153157552
188.32189999999923,307.2350667317708
188.48302999999925,307.00438435872394
188.64513999999923,306.7740987141927
188.80626999999924,306.54339599609375
188.35607999999922,306.312255859375
187.90587999999923,306.08036295572913
188.06701999999922,305.8488362630208
188.2291299999992,305.61737060546875
188.39025999999922,305.38627115885413
188.55138999999917,305.1552022298177
188.10119999999915,304.9244689941406
187.65197999999913,304.69367472330725
187.81310999999909,304.4628499348958
187.9742399999991,304.2316589355469
188.1353799999991,304.0001322428385
188.2965099999991,303.7682189941406
188.4586199999991,303.537109375
188.6197499999991,303.30643717447913
188.78087999999906,303.07611083984375
188.94201999999905,302.84499104817706
189.103149999999,302.61378987630206
189.26525999999905,302.38224283854163
189.426389999999,302.15065511067706
189.58751999999902,301.91912841796875
189.748659999999,301.6876220703125
189.298459999999,301.45295206705725
187.62560999999903,301.22154744466144
186.56310999999903,300.99259440104163
194.676389999999,300.7674662272135
206.460569999999,300.53802490234375
194.999629999999,300.3057861328125
173.751589999999,300.0729777018229
181.25353999999896,299.84203084309894
201.60119999999898,299.61144002278644
193.19884999999897,299.3807067871094
178.067019999999,299.14960734049475
190.463499999999,298.91912841796875
202.24767999999898,298.6881917317708
190.17443999999898,298.45633951822913
185.442019999999,298.22426350911456
196.002559999999,297.9927266438802
194.94103999999902,297.76158650716144
186.53869999999904,297.5304260253906
191.593379999999,297.29925537109375
197.26037999999903,297.0684611002604
191.91662999999903,296.837646484375
191.467409999999,296.6068115234375
198.96935999999897,296.375254313151
194.23693999999898,296.1437072753906
182.775999999999,295.9122009277344
187.22033999999894,295.68145751953125
197.78087999999894,295.4507344563802
194.88341999999898,295.2199503580729
191.98595999999895,294.9887491861979
197.04064999999895,294.7574768066406
197.81505999999894,294.5258076985677
193.69396999999896,294.2941182454427
193.8550999999989,294.06248982747394
195.23986999999892,293.83165486653644
193.5660399999989,293.60045369466144
193.11681999999888,293.3695576985677
195.1129199999989,293.1383158365885
195.8863499999989,292.90741984049475
195.4361599999989,292.6758117675781
195.59728999999885,292.44415283203125
195.7593999999989,292.21258544921875
195.3091999999989,291.9814046223958
195.47033999999888,291.750244140625
195.0201399999989,291.51906331380206
195.1812699999989,291.2882893880208
195.95568999999892,291.05714925130206
196.11681999999888,290.8259785970052
195.66662999999886,290.59447224934894
196.44005999999888,290.3633626302083
196.60119999999887,290.1322937011719
195.53966999999886,289.9012044270833
195.70080999999885,289.67052205403644
196.47423999999887,289.4398701985677
196.02404999999885,289.20916748046875
195.57384999999886,288.9776713053385
196.34826999999888,288.7461242675781
196.50939999999883,288.5146179199219
196.05919999999884,288.28348795572913
196.22033999999883,288.0523783365885
196.99376999999885,287.8216654459635
196.5445599999988,287.5909525553385
196.0943599999988,287.3601989746094
196.25548999999882,287.1290384928385
196.4166299999988,286.8974914550781
195.96740999999878,286.6655782063802
196.12853999999874,286.43407185872394
196.28966999999875,286.2030029296875
195.83947999999873,285.9723205566406
196.0006099999987,285.7412414550781
196.16271999999873,285.510508219401
195.71251999999873,285.2798156738281
195.2623299999987,285.0487060546875
195.42345999999873,284.8172302246094
195.58458999999868,284.586181640625
195.74669999999873,284.3573913574219
195.9078399999987,284.1260070800781
194.8453399999987,283.8951416015625
193.7828399999987,283.66230265299475
197.0025599999987,283.43220011393225
196.55333999999868,283.20038859049475
191.8209199999987,282.9682413736979
193.2056899999987,282.736338297526
198.2603799999987,282.5047200520833
194.7515899999987,282.27367146809894
191.85509999999874,282.04229736328125
195.68712999999877,281.8116963704427
196.46056999999877,281.58099365234375
193.5631099999988,281.35015869140625
193.72423999999882,281.11864217122394
195.1099899999988,280.88710530598956
195.27111999999875,280.6552429199219
194.20861999999875,280.42413330078125
194.36974999999876,280.19347127278644
195.75451999999876,279.9631652832031
195.30529999999874,279.732432047526
194.24279999999874,279.5012512207031
195.0162399999988,279.2696634928385
195.17736999999875,279.03807576497394
194.72716999999875,278.80610148111975
194.8892799999988,278.5745137532552
195.66271999999879,278.3433634440104
195.82384999999874,278.1125793457031
195.37365999999872,277.8821716308594
195.53576999999876,277.65135701497394
196.30919999999878,277.4205322265625
195.85900999999876,277.19086710611975
194.79650999999876,276.955576578776
196.79259999999874,276.7272237141927
195.73107999999877,276.49596150716144
188.55138999999878,276.2674560546875
192.3834199999988,276.0351359049479
200.49669999999878,275.80479939778644
191.4820599999988,275.57591756184894
184.3033399999988,275.34430948893225
195.47521999999884,275.1122131347656
198.69494999999887,274.88016764322913
189.0689699999989,274.64818318684894
189.8424099999989,274.4162190755208
196.73400999999893,274.18595377604163
196.28380999999888,273.95519002278644
195.83361999999886,273.7242024739583
196.60705999999885,273.4924825032552
197.38048999999887,273.26078287760413
200.60119999999887,273.02919514973956
201.9859599999989,272.7975870768229
199.08849999999893,272.5668029785156
201.0845899999989,272.3360697428385
206.1392799999989,272.1060384114583
203.8550999999989,271.8748575846354
202.18126999999896,271.643564860026
207.848269999999,271.41161092122394
209.23302999999902,271.1795959472656
205.11193999999898,270.9476318359375
207.721309999999,270.71686808268225
212.16466999999898,270.4868977864583
209.26720999999895,270.2564798990885
208.20470999999895,270.025156656901
212.64806999999894,269.79347737630206
212.81017999999898,269.5618184407552
209.912719999999,269.3302001953125
212.52111999999897,269.0986022949219
214.51720999999895,268.86781819661456
211.62072999999896,268.63702392578125
211.17052999999896,268.40611775716144
213.77892999999892,268.1748046875
212.71642999999892,267.9435119628906
211.65392999999892,267.7118937174479
213.65099999999893,267.4802754720052
213.8121299999989,267.24869791666663
212.13830999999885,267.01751708984375
212.91173999999887,266.78673299153644
213.68517999999887,266.55592854817706
212.6236599999989,266.3251037597656
212.1734599999989,266.0939025878906
212.9468999999989,265.8623046875
212.4966999999989,265.63072713216144
211.4341999999989,265.399180094401
211.59630999999888,265.1684366861979
211.14611999999886,264.9377237955729
210.08361999999886,264.70694986979163
210.24474999999887,264.47614542643225
209.79455999999885,264.2445576985677
208.73302999999885,264.012949625651
208.28283999999883,263.7810363769531
207.83263999999883,263.5498860677083
206.77013999999883,263.31879679361975
206.3199499999988,263.0872599283854
205.8707299999988,262.85688273111975
207.86681999999877,262.6272786458333
208.64025999999882,262.39793904622394
199.6256099999988,262.16591389973956
199.17541999999878,261.93268839518225
213.40685999999874,261.7000427246094
210.50939999999878,261.46891276041663
193.54259999999874,261.2385762532552
199.20958999999874,261.0082092285156
212.21740999999872,260.77733357747394
203.20373999999873,260.5454915364583
192.96544999999873,260.31315104166663
200.46740999999872,260.0817565917969
204.9107699999987,259.850596110026
194.06212999999866,259.619873046875
189.32970999999867,259.38878377278644
195.60802999999868,259.15836588541663
193.93419999999867,258.9271545410156
184.91955999999868,258.6954447428385
185.69396999999873,258.4638366699219
190.1373299999987,258.232676188151
184.7935799999987,258.0015157063802
179.4498299999987,257.7699279785156
182.66955999999874,257.5383097330729
182.2203399999987,257.3074544270833
176.26427999999873,257.0765686035156
174.59044999999873,256.84565226236975
177.19884999999869,256.61442057291663
174.30138999999872,256.38283284505206
170.7935799999987,256.1512451171875
171.56701999999876,255.91966756184894
171.72814999999872,255.6884765625
168.21935999999874,255.45770263671875
167.15685999999874,255.22689819335935
167.9312699999988,254.99605305989581
166.25744999999876,254.76480102539062
164.58361999999875,254.53314208984372
164.74474999999876,254.3014933268229
164.29455999999874,254.06947835286456
162.01037999999875,253.83822631835938
160.94787999999875,253.60743204752603
161.10900999999876,253.37696329752603
160.04650999999876,253.14610799153644
158.98400999999876,252.91481526692706
158.53478999999874,252.68317667643228
158.08458999999874,252.45155843098956
157.02208999999874,252.21999104817706
156.57189999999872,251.98924763997394
156.12169999999873,251.75855509440103
155.67248999999873,251.5281778971354
155.22228999999868,251.29701741536456
154.77208999999868,251.06577555338538
154.32189999999866,250.8342081705729
153.87267999999864,250.60260009765625
153.42248999999862,250.37101236979166
152.97228999999857,250.13941446940103
152.52208999999857,249.90855916341144
152.07189999999855,249.67769368489581
151.62267999999852,249.44672648111978
151.1724899999985,249.21539306640625
150.72228999999845,248.98367309570312
150.27208999999846,248.75199381510416
149.82189999999844,248.52035522460938
149.3726799999984,248.28912353515625
148.9224899999984,248.05832926432288
148.47228999999834,247.82750447591144
148.02208999999834,247.59664916992185
147.57189999999832,247.36538696289062
147.1226799999983,247.13373819986978
146.67248999999828,246.90211995442706
146.22228999999822,246.6701456705729
146.38341999999824,246.43935139973956
145.93322999999822,246.20709228515625
146.0953399999982,245.97628784179685
145.6451399999982,245.74603271484375
143.35998999999822,245.51606241861978
143.52111999999818,245.28533935546875
144.9058799999982,245.05265299479166
142.0093999999982,244.82148234049478
140.3355699999982,244.58967081705728
143.55529999999823,244.3588663736979
143.71642999999824,244.12825520833331
140.81896999999822,243.89757283528644
143.42833999999823,243.66720581054685
146.03673999999825,243.43563842773438
140.69298999999825,243.20437622070312
139.63048999999825,242.97251383463538
144.68517999999824,242.7413431803385
141.78869999999824,242.50987752278644
137.66759999999823,242.2787373860677
142.72228999999822,242.04804484049478
144.7183799999982,241.8177286783854
139.37560999999823,241.58660888671872
140.14904999999823,241.35545857747394
144.5924099999982,241.12398274739581
141.08361999999823,240.8928731282552
138.18615999999827,240.66101074218747
142.01916999999827,240.42989095052081
142.7925999999983,240.19887288411456
139.2838099999983,239.96856689453125
141.27990999999832,239.73828125
143.88830999999828,239.50756835937497
142.21544999999833,239.27608235677081
142.98888999999832,239.044199625651
145.59728999999828,238.81231689453125
145.1470899999983,238.58203124999997
144.69689999999827,238.3514200846354
146.08263999999826,238.12147013346353
146.85607999999826,237.88960774739581
145.1822499999983,237.65832519531247
144.1197499999983,237.42679850260416
145.5045199999983,237.19555664062497
145.6666299999983,236.96402994791663
143.99279999999828,236.7321065266927
144.76623999999833,236.5009562174479
146.15099999999836,236.26983642578122
145.08849999999836,236.03903198242188
145.25060999999835,235.80872599283853
146.63537999999835,235.5780537923177
146.18517999999835,235.3469746907552
145.12267999999835,235.11471557617188
146.50744999999836,234.88280232747394
147.28185999999835,234.65135701497394
146.21935999999835,234.42066446940103
146.38048999999836,234.19001261393228
147.15392999999835,233.95971679687497
146.70373999999833,233.72863769531247
146.2545199999983,233.49747721354163
147.02794999999833,233.2659708658854
146.5777599999983,233.03483072916666
145.5152599999983,232.80331420898435
145.6773699999983,232.57214355468747
145.8384999999983,232.34102376302081
145.38830999999828,232.11066691080728
145.5494399999983,231.8799336751302
146.3228799999983,231.6487325032552
145.87365999999827,231.4171447753906
145.42345999999827,231.18515014648438
146.19689999999827,230.95392862955728
146.35802999999828,230.72236124674478
145.90783999999826,230.49152628580725
146.0699499999983,230.26038614908853
146.23107999999826,230.02994791666666
145.78087999999826,229.79917399088538
145.94201999999825,229.56832885742188
146.1031499999982,229.33676147460935
145.65392999999818,229.10474650065103
145.20373999999816,228.87313842773438
145.36486999999812,228.64233398437497
145.52599999999813,228.41153971354166
145.0758099999981,228.1803283691406
145.23791999999816,227.94908650716144
145.3990499999981,227.71786499023438
144.94884999999812,227.48661295572913
145.1099899999981,227.25460815429688
145.27111999999806,227.02338663736978
145.4332299999981,226.79225667317706
145.59435999999806,226.56146240234375
145.75548999999808,226.33031209309894
145.91662999999807,226.0995381673177
145.46642999999807,225.86879475911456
145.62853999999805,225.63761393229166
145.78966999999807,225.40562947591144
145.95080999999806,225.17365519205725
146.11193999999807,224.94251505533853
145.66173999999808,224.7117919921875
145.21251999999805,224.4810587565104
144.76232999999803,224.25032552083331
144.92345999999804,224.0195821126302
145.084589999998,223.78843180338538
145.24669999999804,223.55686442057288
145.40783999999803,223.32532755533853
145.56896999999805,223.09419759114581
145.11876999999805,222.86307779947916
145.27990999999804,222.63192749023438
144.83068999999801,222.4011739095052
144.99181999999797,222.17042032877603
144.54162999999795,221.9396260579427
144.70275999999797,221.70806884765625
144.2525599999979,221.4764912923177
144.41466999999795,221.24457804361975
144.57580999999794,221.01302083333331
144.73693999999796,220.78192138671875
144.89806999999792,220.55121866861978
145.05919999999793,220.32089233398438
145.2213099999979,220.09014892578125
145.3824499999979,219.85896809895831
145.54357999999786,219.62743123372394
145.70470999999787,219.3959045410156
145.25451999999785,219.16478474934894
145.41662999999784,218.9332784016927
145.57775999999785,218.70211791992188
145.7388899999978,218.47138468424475
145.90001999999782,218.24098714192706
145.4498299999978,218.0101826985677
145.61193999999784,217.77897135416666
145.7730699999978,217.54739379882812
145.93419999999782,217.3154093424479
146.0953399999978,217.08380126953125
146.25646999999782,216.85263061523438
146.4185799999978,216.62184651692706
146.57970999999782,216.39103190104163
146.1295199999978,216.16016642252603
145.67931999999774,215.92889404296872
145.84044999999776,215.69721476236978
145.39123999999777,215.46554565429688
144.9410399999977,215.23388671874997
145.10216999999773,215.0026143391927
145.26330999999772,214.7713623046875
145.42541999999776,214.54047648111975
145.58654999999771,214.30959065755206
145.74767999999773,214.07867431640622
145.2974899999977,213.84738159179688
144.84728999999766,213.6157023111979
144.39806999999763,213.38405354817706
144.55919999999765,213.15242513020831
144.72033999999763,212.92120361328125
144.88146999999765,212.69000244140625
144.43126999999765,212.4595743815104
144.59337999999764,212.22878011067706
144.75451999999763,211.99751790364581
144.91564999999758,211.765879313151
145.0767799999976,211.5342305501302
145.2379199999976,211.302978515625
145.4000199999976,211.0713399251302
145.56115999999759,210.8400675455729
145.72228999999754,210.60884602864581
145.27208999999755,210.3783467610677
145.43322999999754,210.14748128255206
144.9840099999975,209.9165547688802
144.53380999999746,209.68490600585938
144.69494999999745,209.45321655273438
144.8560799999974,209.22117106119788
145.01720999999742,208.9898986816406
145.1793199999974,208.7590840657552
145.34044999999742,208.52863566080728
145.5015899999974,208.29777018229166
145.66271999999742,208.0664571126302
145.21251999999743,207.83475748697916
144.76330999999738,207.60306803385416
144.9244399999974,207.3710225423177
144.4742399999974,207.13975016276038
144.63537999999738,206.90853881835938
144.1851799999974,206.67765299479163
144.34728999999737,206.446787516276
144.5084199999974,206.21551513671875
144.66955999999738,205.98463948567706
144.8306899999974,205.75304158528644
144.3804899999974,205.52176920572916
144.54259999999738,205.289794921875
144.70373999999737,205.05854288736978
144.86486999999732,204.827392578125
145.02599999999734,204.59658813476562
144.5767799999973,204.36541748046875
144.7379199999973,204.13499959309894
144.89904999999726,203.90423583984372
144.44884999999726,203.67300415039062
143.99865999999724,203.44100952148438
144.16076999999729,203.20939127604163
143.71056999999723,202.97821044921875
143.2603799999972,202.7469991048177
143.42150999999723,202.51617431640625
142.97130999999717,202.28536987304688
142.52208999999715,202.05448404947913
142.07189999999713,201.82281494140625
141.62169999999713,201.59112548828125
141.78283999999712,201.35953776041666
141.94396999999714,201.12831624348956
141.4947499999971,200.89710489908853
141.0445599999971,200.666259765625
140.5943599999971,200.43541463216144
140.14416999999708,200.20452880859375
140.30529999999703,199.97285970052081
139.856079999997,199.74118041992188
140.01720999999702,199.50916544596353
140.17833999999698,199.27790323893228
139.72814999999696,199.04671223958331
139.88927999999697,198.81625366210935
140.05138999999696,198.58543904622394
139.60119999999694,198.3545430501302
139.7623299999969,198.12330118815103
139.9234599999969,197.89167277018228
139.4732699999969,197.66006469726562
139.02404999999686,197.4280802408854
139.18517999999688,197.19684855143228
138.73498999999686,196.96566772460938
138.2847899999968,196.73518880208331
138.44591999999682,196.50435384114581
137.9966999999968,196.27344767252603
137.54650999999677,196.04220581054688
137.09630999999672,195.810546875
137.2574499999967,195.57771809895831
136.80822999999668,195.34335327148438
135.74572999999668,195.11426798502603
132.84826999999666,194.88519287109375
136.68029999999663,194.65695190429688
143.57091999999665,194.42406209309894
132.72228999999663,194.19196573893228
123.09630999999666,193.9613037109375
137.93908999999667,193.73047892252603
144.21740999999668,193.498779296875
127.25060999999664,193.26752726236978
125.57775999999666,193.03571573893228
141.03185999999664,192.80540974934894
140.58166999999662,192.57397460937497
127.89708999999664,192.34297688802081
132.34044999999662,192.1109415690104
144.7369399999966,191.87955729166666
139.3931899999966,191.64748128255206
130.99083999999658,191.41607666015625
142.77501999999657,191.18477376302081
149.66564999999656,190.95457967122394
136.36974999999654,190.72367350260416
135.91955999999652,190.49227905273438
150.7623299999965,190.26017252604166
148.47716999999653,190.02880859375
138.23888999999656,189.797119140625
145.1304899999966,189.56574503580728
152.6324499999966,189.3344523111979
146.67638999999662,189.1034952799479
143.77892999999665,188.87288411458331
150.05724999999666,188.6422627766927
152.0543199999966,188.4108683268229
147.32189999999662,188.17872111002603
148.0953399999966,187.94656372070312
153.15001999999663,187.7148234049479
152.08751999999663,187.48347981770831
149.19103999999658,187.25214640299478
151.7994399999966,187.0211690266927
153.79552999999657,186.79015096028644
151.5103799999966,186.55907185872394
150.44884999999658,186.32764689127603
152.4449499999966,186.09588623046875
152.60607999999655,185.86417643229166
150.9322499999966,185.63248697916666
151.09337999999656,185.40119425455728
152.47912999999653,185.17030843098956
151.41662999999653,184.93940226236978
150.35412999999653,184.70845540364581
151.12755999999655,184.47712198893228
151.28869999999654,184.24578857421875
150.22716999999653,184.01449584960938
151.00060999999653,183.78433227539062
149.32677999999657,183.5519307454427
151.3228799999966,183.32054646809894
155.15490999999662,183.0886027018229
151.03478999999663,182.85798136393228
147.52599999999666,182.62630208333331
154.41662999999664,182.39410400390625
154.57775999999666,182.1627705891927
146.17541999999662,181.93107096354166
146.33751999999663,181.69964599609375
152.00451999999666,181.46877034505206
147.88341999999665,181.23828125
140.70373999999663,181.007080078125
142.6998299999966,180.7758076985677
144.69689999999662,180.54461669921875
138.12951999999666,180.3134053548177
134.00841999999665,180.08177693684894
137.84044999999668,179.8501485188802
136.77794999999668,179.61932373046875
130.2115499999967,179.38849894205728
130.3726799999967,179.15796915690103
132.3687699999967,178.92669677734375
128.24767999999665,178.69537353515625
124.12658999999667,178.46333821614581
125.51232999999667,178.23124186197916
124.44982999999667,177.99960327148438
120.32873999999663,177.76837158203125
119.87853999999663,177.5378926595052
120.65294999999662,177.30738321940103
118.36779999999663,177.0763956705729
116.08263999999662,176.84501139322916
116.85607999999661,176.61287434895831
115.79357999999661,176.38112386067706
113.50939999999662,176.14943440755206
113.05919999999662,175.91808064778644
112.6090099999966,175.6867472330729
110.93517999999659,175.4557393391927
109.87267999999659,175.22432454427081
109.42345999999657,174.99285888671875
108.97326999999655,174.76144409179688
107.91076999999655,174.53005981445312
107.46056999999655,174.29829915364581
106.39806999999655,174.06654866536456
105.33654999999658,173.83561197916666
104.88634999999658,173.60507202148438
104.43615999999656,173.37409464518228
103.37365999999656,173.1423136393229
102.92345999999657,172.91054280598956
101.8619399999966,172.67880249023438
101.4117399999966,172.44742838541666
100.96154999999658,172.21608479817706
101.12267999999659,171.98511759440103
100.67248999999657,171.754150390625
100.22326999999655,171.5231221516927
99.77307099999655,171.29169718424478
99.32287599999654,171.05989583333331
98.87268099999653,170.82811482747394
98.42248499999653,170.59595743815103
97.97326699999655,170.36454264322916
97.52307099999655,170.13318888346353
97.07287599999654,169.90217081705728
96.62268099999653,169.67116292317706
96.17248499999653,169.4401143391927
95.72326699999655,169.20867919921875
95.27307099999655,168.97647094726562
94.82287599999654,168.74466959635416
94.37268099999653,168.51333618164062
93.92346199999656,168.28237915039062
93.47326699999655,168.05143229166666
93.02307099999655,167.82046508789062
92.57287599999654,167.5894775390625
92.12268099999653,167.35769653320312
91.67346199999656,167.12589518229166
91.83459499999657,166.8937784830729
91.38439899999656,166.66243489583331
90.93420399999656,166.43115234375
90.48400899999655,166.20021565755206
90.64611799999653,165.96889241536456
90.19592299999653,165.73828125
89.74572799999652,165.50694783528644
89.29553199999651,165.27554321289062
89.45666499999652,165.04344685872394
89.00744599999655,164.81166585286456
88.55725099999654,164.580322265625
88.10705599999653,164.34893798828125
87.65685999999653,164.11831665039062
87.81799299999653,163.8873291015625
87.98010299999652,163.65621948242188
88.14123499999653,163.4243672688802
87.69103999999652,163.19245402018228
87.24084499999651,162.96061197916666
86.7906489999965,162.7291259765625
86.34143099999648,162.49765014648438
85.89123499999647,162.2661641438802
85.44103999999646,162.03466796875
85.60217299999647,161.80392456054688
85.15197799999646,161.57166544596353
85.31408699999645,161.33820597330728
83.64025899999643,161.10696411132812
82.57775899999643,160.87704467773438
94.36193799999643,160.64779663085938
101.86388999999645,160.41612752278644
83.67443799999643,160.184326171875
66.70764199999644,159.95418294270831
80.93810999999641,159.72280883789062
96.39221199999645,159.49164835611978
83.09631299999643,159.25865681966144
72.24670399999644,159.02627563476562
87.08947799999646,158.7944132486979
95.20275899999649,158.56327311197916
82.51818799999648,158.33218383789062
79.6217039999965,158.10106404622394
90.7935789999965,105.3236592610677
